url,name,address,city,state,phone
https://www.cliniquedentairesadm.ca/,Results,"îƒˆ41 Rue Larocque E, Sainte-Agathe-des-Monts, QC J8C 1H9, Canada",QC J8C 1H9,Canada,î‚°+1 819-326-2330
http://www.centredentairerouthier.com/,Results,"îƒˆ104 Rue Sainte-Agathe Ste 1, Sainte-Agathe-des-Monts, QC J8C 3R2, Canada",QC J8C 3R2,Canada,î‚°+1 819-326-8777
http://centredentaireacgouin.ca/,Results,"îƒˆ68 Rue Principale E, Sainte-Agathe-des-Monts, QC J8C 1J7, Canada",QC J8C 1J7,Canada,î‚°+1 819-324-2211
https://www.cliniquedentairedannylynch.ca/,Results,"îƒˆ35 Rue St Louis, Sainte-Agathe-des-Monts, QC J8C 2A2, Canada",QC J8C 2A2,Canada,î‚°+1 819-326-8711
https://denislafontainedenturologie.com/,Results,"îƒˆ35 Rue St Louis, Sainte-Agathe-des-Monts, QC J8C 2A2, Canada",QC J8C 2A2,Canada,î‚°+1 819-326-1644
https://www.cliniquedessommets.org/,Results,"îƒˆ1070 Rue Principale E, Sainte-Agathe-des-Monts, QC J8C 1L6, Canada",QC J8C 1L6,Canada,î‚°+1 819-321-1212
https://www.santelaurentides.gouv.qc.ca/nous-joindre/hopitaux/,Results,"îƒˆ234 Rue St Vincent, Sainte-Agathe-des-Monts, QC J8C 1E2, Canada",QC J8C 1E2,Canada,î‚°+1 819-324-4000
https://www.la-dentisterie.com/,Results,"îƒˆ11600 Mnt Sainte-Marianne bureau 300, Mirabel, Quebec J7J 2A9, Canada",Quebec J7J 2A9,Canada,î‚°+1 450-430-2111
http://www.specialisteslaurentides.ca/,Results,"îƒˆ200 Rue Durand #208, Saint-JÃ©rÃ´me, Quebec J7Z 7E2, Canada",Quebec J7Z 7E2,Canada,î‚°+1 450-431-7737
http://www.cliniquedentairegagne.com/,Results,"îƒˆ2901 Chem. d'Oka, Sainte-Marthe-sur-le-Lac, QC J0N 1P0, Canada",QC J0N 1P0,Canada,î‚°+1 450-974-9962
https://www.cliniquedentairemgauthier.com/,Results,"îƒˆ4080 Bd Laurier E, Saint-Hyacinthe, QC J2R 2B8, Canada",QC J2R 2B8,Canada,î‚°+1 450-771-7475
http://www.centredentairemontcalm.com/,Results,"îƒˆ835 Boulevard RenÃ©-LÃ©vesque O, QuÃ©bec, QC G1S 1T4, Canada",QC G1S 1T4,Canada,î‚°+1 418-681-3836
http://www.masantedentaire.net/,Results,"îƒˆ750 Rue Saint-Vallier O, QuÃ©bec, QC G1N 1E1, Canada",QC G1N 1E1,Canada,î‚°+1 418-780-0880
https://www.drenathaliebouchard.com/,Results,"îƒˆ111 Rue Green #101, Saint-Lambert, Quebec J4P 1S6, Canada",Quebec J4P 1S6,Canada,î‚°+1 450-672-2052
https://www.cliniquedentairemasserioux.com/site/accueil?utm_source=G&utm_medium=LPM&utm_campaign=DentalCorp,Results,"îƒˆ1875 Rue Notre Dame, L'Ancienne-Lorette, QC G2E 4K1, Canada",QC G2E 4K1,Canada,î‚°+1 581-806-2998
http://www.dentistestamable.com/,Results,"îƒˆ754 Rue Principale, Saint-Amable, QC J0L 1N0, Canada",QC J0L 1N0,Canada,î‚°+1 450-649-0340
http://centredentairesra.ca/,Results,"îƒˆ38 Rue du Dr Wilfrid Locat N #2, Saint-Roch-de-l'Achigan, QC J0K 3H0, Canada",QC J0K 3H0,Canada,î‚°+1 450-588-4355
https://www.facebook.com/profile.php?id=61556103196208&mibextid=PlNXYD,Results,"îƒˆ188 Bd de Quen, Alma, QC G8B 5N3, Canada",QC G8B 5N3,Canada,î‚°+1 418-668-3368
http://www.cliniquedentairest-augustin.com/la-clinique-dentaire.html,Results,"îƒˆ15427 Rue de St Augustin, Mirabel, QC J7N 1X4, Canada",QC J7N 1X4,Canada,î‚°+1 450-475-7751
http://www.citedentairestaugustin.com/,Results,"îƒˆ8291 Rue Saint-Jacques #201, Mirabel, QC J7N 1W2, Canada",QC J7N 1W2,Canada,î‚°+1 450-485-2483
http://dentistesteadele.com/,Results,"îƒˆ173 Rue Morin, Sainte-AdÃ¨le, QC J8B 1P6, Canada",QC J8B 1P6,Canada,î‚°+1 450-229-8333
